Page,Current Title,Recommended Title,Status,Your Notes,Approved?
Homepage,Home - BlueGenie Hospitality,Short-Term Rental Property Management Massachusetts | Blue Genie,Draft,Option A recommended (see notes below),
Services Page,Services - BlueGenie Hospitality,Airbnb Co-Hosting & Short-Term Rental Services | Blue Genie,Draft,,
MA Landing Page,[Create new],Massachusetts Short-Term Rental Co-Hosting | Blue Genie,Draft - New Page,OK to use 'property management' in MA,
NH Landing Page,[Create new],North Conway NH Airbnb Co-Hosting Services | Blue Genie,Draft - New Page,AVOID 'property management' - use co-hosting,
AZ Landing Page,[Create new],Sedona AZ Vacation Rental Co-Hosting | Blue Genie,Draft - New Page,AVOID 'property management' - use co-hosting,
,,,,,
NOTES - Homepage Options:,,,,,
Option A (Recommended):,Short-Term Rental Property Management Massachusetts | Blue Genie,,,,
Option B:,Airbnb & VRBO Property Management | Blue Genie Hospitality,,,,
,,,,,
LEGAL COMPLIANCE:,,,,,
Massachusetts:,OK to use 'property management' and 'property manager',,,,
Maine:,OK to use 'property management' and 'property manager',,,,
New Hampshire:,DO NOT USE 'property management' - requires real estate license,,,,
Arizona:,DO NOT USE 'property management' - requires real estate license,,,,
,,,,,
META DESCRIPTIONS:,,,,,
Homepage:,Expert short-term rental property management in Massachusetts. We maximize your Airbnb/VRBO revenue with dynamic pricing and 5-star hospitality. Get a free consultation.,,,,
Services:,Full-service Airbnb & VRBO co-hosting in Massachusetts. From dynamic pricing to guest communication. We handle everything to maximize your rental income. View our services.,,,,
